{"cameraMode":{"drawMode":0,"name":"Shaded","section":"Shading Mode"},"sceneLighting":true,"audioPlay":false,"sceneViewState":{"m_AlwaysRefresh":false,"showFog":true,"showSkybox":true,"showFlares":true,"showImageEffects":true,"showParticleSystems":true,"showVisualEffectGraphs":true,"m_FxEnabled":true},"in2DMode":false,"pivot":{"x":-43.804283142089847,"y":2.593245506286621,"z":-15.590840339660645},"rotation":{"x":-0.046116504818201068,"y":0.642745316028595,"z":-0.038809675723314288,"w":-0.7637166976928711},"size":35.17811965942383,"orthographic":false}